<?xml version="1.0" encoding="UTF-8"?>
<project-private xmlns="http://www.netbeans.org/ns/project-private/1">
    <editor-bookmarks xmlns="http://www.netbeans.org/ns/editor-bookmarks/2" lastBookmarkId="0"/>
    <open-files xmlns="http://www.netbeans.org/ns/projectui-open-files/2">
        <group>
            <file>file:/D:/Downloads/proyecto%20programacion/proyecto%20programacion/Heladeria/src/Vista/VistaVerPedidos.java</file>
            <file>file:/D:/Downloads/proyecto%20programacion/proyecto%20programacion/Heladeria/src/Modelo/PedidoBD.java</file>
            <file>file:/D:/Downloads/proyecto%20programacion/proyecto%20programacion/Heladeria/src/Contolador/ControladorCliente.java</file>
        </group>
    </open-files>
</project-private>
