<?xml version="1.0" encoding="UTF-8"?>
<project-private xmlns="http://www.netbeans.org/ns/project-private/1">
    <editor-bookmarks xmlns="http://www.netbeans.org/ns/editor-bookmarks/2" lastBookmarkId="0"/>
    <open-files xmlns="http://www.netbeans.org/ns/projectui-open-files/2">
        <group>
            <file>file:/C:/Users/EQUIPO/OneDrive/Escritorio/proyecto%20programacion/Heladeria/src/Modelo/Cliente.java</file>
            <file>file:/C:/Users/EQUIPO/OneDrive/Escritorio/proyecto%20programacion/Heladeria/src/Contolador/AutenticadorUsuario.java</file>
            <file>file:/C:/Users/EQUIPO/OneDrive/Escritorio/proyecto%20programacion/Heladeria/src/Modelo/Pedido.java</file>
            <file>file:/C:/Users/EQUIPO/OneDrive/Escritorio/proyecto%20programacion/Heladeria/src/Modelo/Factura.java</file>
            <file>file:/C:/Users/EQUIPO/OneDrive/Escritorio/proyecto%20programacion/Heladeria/src/Modelo/Inventario.java</file>
            <file>file:/C:/Users/EQUIPO/OneDrive/Escritorio/proyecto%20programacion/Heladeria/src/Vista/Cliente.java</file>
            <file>file:/C:/Users/EQUIPO/OneDrive/Escritorio/proyecto%20programacion/Heladeria/src/Modelo/Usuario.java</file>
            <file>file:/C:/Users/EQUIPO/OneDrive/Escritorio/proyecto%20programacion/Heladeria/src/Vista/Administradores.java</file>
        </group>
    </open-files>
</project-private>
